index,pnl
2010-04-26,861.9007680003548
2010-04-27,7503.0599340006
2010-04-28,4791.126468001228
2010-04-29,3637.515966000519
2010-04-30,6320.782116000954
2010-05-04,-569.9090399992638
2010-05-05,-11419.810835999562
2010-05-06,8501.39153400071
2010-05-07,-11696.36731199921
2010-05-10,2479.6152420008193
2010-05-11,-6706.228475998718
2010-05-12,479.886846001198
2010-05-13,-2972.465237999018
2010-05-14,9043.599288001065
2010-05-17,-10911.433229998936
2010-05-18,15240.317022001174
2010-05-19,24549.510384000565
2010-05-20,4632.276180000545
2010-05-21,-2964.674039999564
2010-05-24,5463.532500000737
2010-05-25,4173.909666000355
2010-05-26,8732.327088001257
2010-05-27,4270.6611420013905
2010-05-28,-5165.186309998719
2010-05-31,11861.675868000848
2010-06-01,7327.11859800112
2010-06-02,-12475.818149998311
2010-06-03,23.040432001309448
2010-06-04,3548.6715120011463
2010-06-07,-965.8856399987973
2010-06-08,-3025.046885999481
2010-06-09,-14926.008479999262
2010-06-10,6047.245410000818
2010-06-11,382.688256001118
2010-06-17,-2723.215481998526
2010-06-18,-11687.22895199948
2010-06-21,-3375.0756119990724
2010-06-22,3602.449230000955
2010-06-23,2292.7543500007637
2010-06-24,6767.7493860005725
2010-06-25,-2691.9387239987727
2010-06-28,6506.984196001145
2010-06-29,10981.610826001144
2010-06-30,-3834.461171999181
2010-07-01,2894.1258000018547
2010-07-02,-9271.860719999346
2010-07-05,-8754.933851999507
2010-07-06,5145.494106000873
2010-07-07,-2093.49420599899
2010-07-08,5444.782164000601
2010-07-09,-1780.1556539999185
2010-07-12,4138.597950000354
2010-07-13,2660.159154000573
2010-07-14,6518.901432000846
2010-07-15,-1800.4925399987994
2010-07-16,5462.865630000955
2010-07-19,-14281.496633999317
2010-07-20,1213.0579500005174
2010-07-21,5893.440486000492
2010-07-22,-2196.4054979987177
2010-07-23,6262.663968001227
2010-07-26,-5767.190183999644
2010-07-27,-48.889643999426994
2010-07-28,-5317.497521999046
2010-07-29,5503.418646001282
2010-07-30,-3730.447811999591
2010-08-02,-4902.368783999291
2010-08-03,-16524.765005998994
2010-08-04,6065.672880000464
2010-08-05,-3250.074383999481
2010-08-06,288.20572200030034
2010-08-09,10683.47026200049
2010-08-10,1910.6755080006005
2010-08-11,-6558.671753999454
2010-08-12,1541.9248200010907
2010-08-13,6246.992022000572
2010-08-16,-8976.918935998636
2010-08-17,2702.9041620007633
2010-08-18,-2712.243377998664
2010-08-19,-6315.826085999563
2010-08-20,-6042.39155399921
2010-08-23,-3158.4385679988536
2010-08-24,-11504.533565999807
2010-08-25,2362.411398000927
2010-08-26,7462.525248000928
2010-08-27,2619.2045640009283
2010-08-30,-2031.198053999618
2010-08-31,4042.1534520011455
2010-09-01,8900.445588000572
2010-09-02,-209.0428439997545
2010-09-03,-6101.120987999154
2010-09-06,4169.440674000354
2010-09-07,6027.125952001475
2010-09-08,1873.6343220005454
2010-09-09,-1438.940321999673
2010-09-10,6288.284772000818
2010-09-13,-2760.601013999427
2010-09-14,959.480958000464
2010-09-15,7953.595668001363
2010-09-16,-6298.843637999536
2010-09-17,5197.7154060004905
2010-09-20,-3747.3867059996724
2010-09-21,2018.3727000003814
2010-09-27,-1568.6564579991268
2010-09-28,-1971.5854979988
2010-09-29,-83.96046599934493
2010-09-30,6901.832340000656
2010-10-08,1700.9536500010645
2010-10-11,8054.5021500008725
2010-10-12,-5351.331755999672
2010-10-13,178.0778580005732
2010-10-14,-2285.147891999509
2010-10-15,-12212.436041999536
2010-10-18,-3444.046523999782
2010-10-19,2596.8503820002725
2010-10-20,-4125.22624199962
2010-10-21,19875.809034000245
2010-10-22,-8815.032293998824
2010-10-25,4493.813442000927
2010-10-26,21395.290692000846
2010-10-27,5665.819308000656
2010-10-28,5140.7904060009005
2010-10-29,13411.136862000709
2010-11-01,1543.1990040009814
2010-11-02,12145.773768000356
2010-11-03,9709.832664000927
2010-11-04,-333.87101999961806
2010-11-05,-6074.193539998553
2010-11-08,6057.730932001638
2010-11-09,3750.926910000573
2010-11-10,18040.73120400104
2010-11-11,15770.06176800049
2010-11-12,-27187.41473399929
2010-11-15,16966.331574000982
2010-11-16,-17285.709551999105
2010-11-17,10547.3491020006
2010-11-18,19592.018934001066
2010-11-19,3706.908882000546
2010-11-22,3357.0319560005464
2010-11-23,12390.044484000713
2010-11-24,10871.627412000164
2010-11-25,-6620.206337998608
2010-11-26,-5594.644031999318
2010-11-29,3209.7859560012294
2010-11-30,3302.7684780005993
2010-12-01,7128.716820000301
2010-12-02,-219.03619199915403
2010-12-03,1643.7032160006274
2010-12-06,1259.474418000818
2010-12-07,2494.906524000191
2010-12-08,-4817.2887419987455
2010-12-09,-2375.465855999645
2010-12-10,6132.565182000711
2010-12-13,-9714.684785999209
2010-12-14,2951.6356980008177
2010-12-15,-3827.6948639991547
2010-12-16,1220.1915000004365
2010-12-17,6221.480514000574
2010-12-20,-12637.630169999782
2010-12-21,6090.807924000464
2010-12-22,-3628.678991999836
2010-12-23,-5536.005677999508
2010-12-24,3500.1896280008727
2010-12-27,15934.230660001118
2010-12-28,5837.940420000981
2010-12-29,-3080.2404299997816
2010-12-30,-9873.941429999562
2010-12-31,-4247.841287999863
2011-01-04,-9854.633405999399
2011-01-05,5120.980506000764
2011-01-06,647.0955960004635
2011-01-07,3297.0911580005995
2011-01-10,3301.1806500006
2011-01-11,-5144.4595379992625
2011-01-12,13875.314280001036
2011-01-13,2148.8701380006005
2011-01-14,-497.5417799989368
2011-01-17,-6633.3523319988535
2011-01-18,-1441.9639499987725
2011-01-19,9578.947554000955
2011-01-20,11692.402284001773
2011-01-21,523.0445220002183
2011-01-24,2999.687406000655
2011-01-25,-3299.2909799994814
2011-01-26,-2850.4879799996725
2011-01-27,6110.868762000108
2011-01-28,-5787.648041998473
2011-01-31,19.36582200068233
2011-02-01,485.8879680005731
2011-02-09,-5845.328651999073
2011-02-10,-16639.948973999726
2011-02-11,1598.101914000464
2011-02-14,-9716.605409998334
2011-02-15,4287.302508001064
2011-02-16,14082.298716000656
2011-02-17,2636.456052000491
2011-02-18,6654.3602760006825
2011-02-21,-6847.549367999316
2011-02-22,-939.4521239990454
2011-02-23,5121.584670001036
2011-02-24,-4682.300123999235
2011-02-25,3044.691084000464
2011-02-28,445.63270800114634
2011-03-01,-9876.616967999154
2011-03-02,-1996.7236919991813
2011-03-03,-3906.409349999536
2011-03-04,-5646.948239999454
2011-03-07,-475.25450399934573
2011-03-08,11984.130360000083
2011-03-09,6355.009512001175
2011-03-10,4219.109862001254
2011-03-11,7831.136508001473
2011-03-14,3441.037026000328
2011-03-15,6515.16913800049
2011-03-16,135.76010400092855
2011-03-17,-4025.0340419991535
2011-03-18,2667.2675940011727
2011-03-21,3846.8362500010094
2011-03-22,3774.4832340009834
2011-03-23,1732.0544340010642
2011-03-24,5493.272334000737
2011-03-25,5338.060692001146
2011-03-28,-1511.248733999263
2011-03-29,-1529.770433999563
2011-03-30,2931.456342000382
2011-03-31,-6605.837063999127
2011-04-01,-5985.074795999236
2011-04-06,2619.088146000573
2011-04-07,-1252.7148899993178
2011-04-08,2787.3787620004637
2011-04-11,-3931.7057699990446
2011-04-12,-6173.988491999074
2011-04-13,4357.079832000492
2011-04-14,-71.48834999871816
2011-04-15,3147.011406000409
2011-04-18,1733.9195880007364
2011-04-19,6718.06524600112
2011-04-20,-2801.4624239987725
2011-04-21,3758.1242160003535
2011-04-22,908.5237980010374
2011-04-25,-1378.1534159994271
2011-04-26,-535.5120959991
2011-04-27,-8782.756577998824
2011-04-28,2902.665840000273
2011-04-29,3139.6583280009277
2011-05-03,-3134.9157539992357
2011-05-04,-2135.317091998909
2011-05-05,-6465.288365999155
2011-05-06,-2542.427867999591
2011-05-09,-1927.4703179989083
2011-05-10,2413.5731340009547
2011-05-11,1441.1882400005186
2011-05-12,3748.4445120010637
2011-05-13,-5331.249437998855
2011-05-16,402.51742200120043
2011-05-17,-5602.077209999537
2011-05-18,-8962.601273998745
2011-05-19,2198.9683380009274
2011-05-20,-70.22968799956357
2011-05-23,7241.426334000519
2011-05-24,-432.63163199901743
2011-05-25,2366.330406000737
2011-05-26,2726.243880000681
2011-05-27,118.4244300005455
2011-05-30,2788.971726000628
2011-05-31,2863.522806001065
2011-06-01,-1247.8199219992086
2011-06-02,-5593.965017999537
2011-06-03,-1021.464755999509
2011-06-07,-1381.7045999997272
2011-06-08,1154.6937720001365
2011-06-09,-4080.285269999318
2011-06-10,-3479.1923099995897
2011-06-13,2508.140562000709
2011-06-14,2188.200582000628
2011-06-15,1694.4616320005734
2011-06-16,5868.744726000791
2011-06-17,-5785.889843999209
2011-06-20,12801.52792200057
2011-06-21,1007.9203380005997
2011-06-22,528.008382000491
2011-06-23,-7229.180981999782
2011-06-24,-4532.212427999918
2011-06-27,-378.20175599950835
2011-06-28,-4955.589863999016
2011-06-29,6264.860982000872
2011-06-30,-2165.692385999563
2011-07-01,12228.590940001228
2011-07-04,4553.680326001064
2011-07-05,366.8333280016916
2011-07-06,-2562.4512239991545
2011-07-07,3710.6128020006818
2011-07-08,-7903.5457019996165
2011-07-11,-5276.395103999099
2011-07-12,1800.4961460013917
2011-07-13,-509.99346599901764
2011-07-14,651.2883120006003
2011-07-15,-395.1376139997272
2011-07-18,-4102.634315999672
2011-07-19,4157.1601680006015
2011-07-20,6591.975966000656
2011-07-21,-1394.6378459990726
2011-07-22,-141.2091539980629
2011-07-25,-9211.128575999755
2011-07-26,-2056.5379139993724
2011-07-27,-1472.705663999318
2011-07-28,-2356.223687998964
2011-07-29,-855.2598719996176
2011-08-01,-1246.6723139993453
2011-08-02,2145.9272040005185
2011-08-03,9045.716316001171
2011-08-04,3045.2669880013104
2011-08-05,-3596.6329619997546
2011-08-08,15549.94756800057
2011-08-09,533.0026020004914
2011-08-10,3745.3699800007644
2011-08-11,8210.664882000463
2011-08-12,-6828.095615998608
2011-08-15,8464.658856000464
2011-08-16,5845.738968001011
2011-08-17,-3455.8564499989907
2011-08-18,4566.0964020006
2011-08-19,6302.560044000817
2011-08-22,11026.530432000927
2011-08-23,-2732.7173399993453
2011-08-24,9806.13657000071
2011-08-25,-16795.567325999342
2011-08-26,-2319.3434099995898
2011-08-29,5379.553704000873
2011-08-30,-11917.40644199918
2011-08-31,-1065.1476599989358
2011-09-01,3478.9396140009276
2011-09-02,3217.3607760009554
2011-09-05,9367.507206001172
2011-09-06,3097.188546000245
2011-09-07,-2832.217217999154
2011-09-08,6683.807022000709
2011-09-09,3654.924390000382
2011-09-13,4830.032340001309
2011-09-14,1554.1052520005442
2011-09-15,-6673.7786579984995
2011-09-16,-364.5761879997815
2011-09-19,2215.1359740008998
2011-09-20,3515.8016760007094
2011-09-21,311.88757200065487
2011-09-22,-2223.32383799959
2011-09-23,398.9409000005462
2011-09-26,-9879.86665199962
2011-09-27,15460.287366000632
2011-09-28,3141.257250000846
2011-09-29,42.15906000087307
2011-09-30,-4835.57771999899
2011-10-10,-2655.5806379995365
2011-10-11,7605.662604000547
2011-10-12,-4679.815739999673
2011-10-13,2778.0907020008995
2011-10-14,-6360.788195999207
2011-10-17,-6081.83631599929
2011-10-18,-3016.2079259982
2011-10-19,865.0461780010097
2011-10-20,-1707.4412399992364
2011-10-21,-2286.7377059988808
2011-10-24,545.4735540009283
2011-10-25,6640.656240000464
2011-10-26,-8082.089003999481
2011-10-27,-3403.0250279989364
2011-10-28,3255.681054000436
2011-10-31,3775.160262000845
2011-11-01,319.1232960000816
2011-11-02,7111.125300000601
2011-11-03,3912.3642240006548
2011-11-04,371.4154740004637
2011-11-07,3913.153584000791
2011-11-08,1591.8852360009548
2011-11-09,46.017930001391505
2011-11-10,2452.5432300008183
2011-11-11,-1146.6825899993178
2011-11-14,3148.341756000709
2011-11-15,2528.768664000846
2011-11-16,-1923.9425999992911
2011-11-17,10454.963622000872
2011-11-18,-398.9831759995086
2011-11-21,2402.469432000873
2011-11-22,-699.6425699999456
2011-11-23,3682.6623360003273
2011-11-24,3183.976806000846
2011-11-25,1528.617096000982
2011-11-28,1465.8537540010088
2011-11-29,1204.5026160009
2011-11-30,-115.54712399972595
2011-12-01,-9258.3859019994
2011-12-02,-1475.537315999618
2011-12-05,4127.2200720007095
2011-12-06,5453.524908001035
2011-12-07,-367.3540139992633
2011-12-08,2948.5975980005187
2011-12-09,4249.1934720007375
2011-12-12,-6041.223629998909
2011-12-13,1156.7583660006549
2011-12-14,-2824.127327999236
2011-12-15,-3911.0999699988542
2011-12-16,-6899.400275999618
2011-12-19,-18552.438959999563
2011-12-20,851.3172720004911
2011-12-21,-707.6717399998632
2011-12-22,-6935.644157999865
2011-12-23,-4475.997851999919
2011-12-26,1225.694832000464
2011-12-27,-4592.466869999018
2011-12-28,8824.567776000682
2011-12-29,3928.7687820007372
2011-12-30,-1940.5788299986627
2012-01-04,-5026.181063999481
2012-01-05,3340.2923880005187
2012-01-06,-6037.569335999399
2012-01-09,-4738.1130119994
2012-01-10,-11354.211983999836
2012-01-11,-3251.147963998745
2012-01-12,1628.455842000327
2012-01-13,-10718.651201999317
2012-01-16,-7584.285785998718
2012-01-17,7553.606298000873
2012-01-18,2263.108038002484
2012-01-19,-5377.717745999918
2012-01-20,7811.228292000873
2012-01-30,1551.5873580003272
2012-01-31,-7087.125377999318
2012-02-01,1508.9082060004364
2012-02-02,4687.728720000545
2012-02-03,-507.07691999909963
2012-02-06,459.2552400014192
2012-02-07,9196.387974000572
2012-02-08,-14708.626679999343
2012-02-09,681.6158520001636
2012-02-10,-5935.724729999482
2012-02-13,-4873.3567679994285
2012-02-14,4357.841982001146
2012-02-15,-2007.0004379986635
2012-02-16,-170.54928599937242
2012-02-17,-4017.976973999809
2012-02-20,4965.799224000627
2012-02-21,-1094.0140619995911
2012-02-22,641.1945480003
2012-02-23,2862.6645540009004
2012-02-24,-8499.637433999644
2012-02-27,8793.76054800098
2012-02-28,-162.11329199959073
2012-02-29,677.6428920009002
2012-03-01,4818.199998001228
2012-03-02,5438.799144000301
2012-03-05,-5461.817981999509
2012-03-06,-479.98365599923545
2012-03-07,-2978.4634379993176
2012-03-08,-1620.3940979997271
2012-03-09,4458.4286340004355
2012-03-12,4018.897578000901
2012-03-13,-744.3859739990727
2012-03-14,-19981.843205999237
2012-03-15,-12158.375975999592
2012-03-16,-8259.70328999989
2012-03-19,580.3065180003546
2012-03-20,2661.865386000437
2012-03-21,-1278.6870479997274
2012-03-22,3464.9163300010637
2012-03-23,2666.306118000737
2012-03-26,-1334.6941259995087
2012-03-27,2844.0072840002726
2012-03-28,-152.6500799994542
2012-03-29,2789.8834620006
2012-03-30,361.53539400103705
2012-04-05,-9069.510155999293
2012-04-06,6946.4539500005185
2012-04-09,-2034.0868079994816
2012-04-10,-14715.353519999782
2012-04-11,1041.7433640001093
2012-04-12,3827.9406540010636
2012-04-13,742.9295040002735
2012-04-16,2245.985820001119
2012-04-17,303.66503400030024
2012-04-18,7382.744658000491
2012-04-19,-8198.309183999372
2012-04-20,-939.8499539992903
2012-04-23,-379.0386419991544
2012-04-24,2803.397748000545
2012-04-25,560.0948160001365
2012-04-26,-2039.7975239994814
2012-04-27,-3580.469297999618
2012-05-02,-5762.706011999646
2012-05-03,-2582.628593999537
2012-05-04,-3.471083999563461
2012-05-07,2535.5292540005453
2012-05-08,9176.873502000271
2012-05-09,1657.4395980003546
2012-05-10,-903.7628939993724
2012-05-11,2479.210404000601
2012-05-14,-9700.101941999643
2012-05-15,-317.36732399948164
2012-05-16,1304.5833060006814
2012-05-17,-6919.024043999645
2012-05-18,641.9990880001637
2012-05-21,6962.224452000382
2012-05-22,-216.3260939992358
2012-05-23,1085.5292520009284
2012-05-24,3089.0208840012
2012-05-25,3626.9436780008186
2012-05-28,-2136.8503859995635
2012-05-29,-2041.299179999018
2012-05-30,-5380.1878859993185
2012-05-31,-2759.960417999564
2012-06-01,-4859.950841999918
2012-06-04,-2876.870819999809
2012-06-05,1923.5420760003271
2012-06-06,1824.7951260005188
2012-06-07,-34.51721999956362
2012-06-08,-1402.4707259990726
2012-06-11,-3813.578045999454
2012-06-12,1787.8682580003815
2012-06-13,-3212.883269999372
2012-06-14,-3854.569649999264
2012-06-15,3664.090074000383
2012-06-18,-237.18959999975414
2012-06-19,-2149.133927999045
2012-06-20,-511.9223759989634
2012-06-21,-1636.0123319999454
2012-06-25,3074.0198940006817
2012-06-26,2505.315918000245
2012-06-27,-2864.1782399992358
2012-06-28,2348.276718000355
2012-06-29,146.5443300004639
2012-07-02,2632.851852000573
2012-07-03,3509.3369820003554
2012-07-04,690.1946520004637
2012-07-05,1536.291990000873
2012-07-06,-6748.505939999453
2012-07-09,3039.6068340005463
2012-07-10,-1864.0848239995637
2012-07-11,-2967.296093999345
2012-07-12,-5045.999021999536
2012-07-13,1268.0915220005181
2012-07-16,-1250.1415259996456
2012-07-17,-1313.6404019993447
2012-07-18,-15312.994547999782
2012-07-19,-577.1621579999181
2012-07-20,5308.2748500002745
2012-07-23,-4428.470207999754
2012-07-24,-2604.9310499994
2012-07-25,-2472.6665459990727
2012-07-26,8267.219604000846
2012-07-27,-311.9046239997817
2012-07-30,-347.8235399996454
2012-07-31,2244.615534000492
2012-08-01,-899.8860359992087
2012-08-02,4813.138872000301
2012-08-03,-861.2497859988266
2012-08-06,-5136.175457999863
2012-08-07,-517.795049999591
2012-08-08,-914.281697998854
2012-08-09,-3156.6414839998906
2012-08-10,-86.2942139993724
2012-08-13,1690.670718000928
2012-08-14,5112.779106000437
2012-08-15,-4006.7169179997272
2012-08-16,-982.5887759993724
2012-08-17,5332.512870000927
2012-08-20,5.127918000518092
2012-08-21,1394.2212060001361
2012-08-22,-2745.352235999645
2012-08-23,-430.2408959996726
2012-08-24,-629.4430139993452
2012-08-27,2717.2238100004365
2012-08-28,1114.6398240001365
2012-08-29,1870.143390000191
2012-08-30,-1027.359731999809
2012-08-31,1931.1300900005454
2012-09-03,-1113.9333719998365
2012-09-04,-5043.428465998964
2012-09-05,2592.6556800003546
2012-09-06,-400.9363739994542
2012-09-07,-526.4224259997541
2012-09-10,-681.7827179995089
2012-09-11,3534.3678660007918
2012-09-12,3289.4797920003552
2012-09-13,-5590.307687999618
2012-09-14,3638.320506000519
2012-09-17,-5144.259275999646
2012-09-18,-2622.358739999891
2012-09-19,-2732.315537999264
2012-09-20,9378.849588000248
2012-09-21,4912.726794000246
2012-09-24,5272.414086000328
2012-09-25,2298.961920000545
2012-09-26,-590.0636399999186
2012-09-27,-15273.916673999784
2012-09-28,2765.507418000873
2012-10-08,-1003.5928739994544
2012-10-09,7648.091754001038
2012-10-10,1754.0056500003545
2012-10-11,-1280.431697999645
2012-10-12,-490.1209739998913
2012-10-15,-2422.9063919985533
2012-10-16,784.6254600003549
2012-10-17,6910.2269940009
2012-10-18,820.7114700006
2012-10-19,1417.4142600004914
2012-10-22,-911.342963999782
2012-10-23,2403.0239700007915
2012-10-24,314.13012600043663
2012-10-25,414.35875800076417
2012-10-26,4757.333106000356
2012-10-29,-616.1737079995634
2012-10-30,-1594.0942799999455
2012-10-31,1912.4425740009824
2012-11-01,-1630.0314119999455
2012-11-02,-1784.9514839997
2012-11-05,-1107.473231999618
2012-11-06,-3403.723421999591
2012-11-07,10351.038192000491
2012-11-08,-677.2469339995089
2012-11-09,-3486.5100059991546
2012-11-12,-3350.0144819992906
2012-11-13,-3220.880207999618
2012-11-14,-2004.1169339998908
2012-11-15,2532.191172000545
2012-11-16,-2712.1009139995635
2012-11-19,-2465.850839999864
2012-11-20,75.15127200073675
2012-11-21,-4265.960135999727
2012-11-22,2060.680296000627
2012-11-23,-687.1573739990723
2012-11-26,3274.8828180011465
2012-11-27,2851.257366000928
2012-11-28,1097.533014000764
2012-11-29,1517.4100560006545
2012-11-30,1282.7007540003822
2012-12-03,7402.840410000274
2012-12-04,3683.2411620003822
2012-12-05,3072.0424080004645
2012-12-06,-1880.8496159992906
2012-12-07,3756.417984000764
2012-12-10,1327.9088940005458
2012-12-11,-1509.3714359991818
2012-12-12,-1114.800503999509
2012-12-13,2057.380164000355
2012-12-14,-5315.818727999837
2012-12-17,828.090822000273
2012-12-18,-4116.1314359999715
2012-12-19,1678.958766000628
2012-12-20,-6024.704867999563
2012-12-21,8734.612032000518
2012-12-24,1894.2203880004638
2012-12-25,-2422.3468319989897
2012-12-26,-1461.457283999045
2012-12-27,-974.9451779997273
2012-12-28,-3495.379325999755
2012-12-31,462.9721260001911
2013-01-04,-3475.3649639996725
2013-01-07,1405.923000000355
2013-01-08,-278.43575999978196
2013-01-09,304.8430020003002
2013-01-10,-5155.559267999509
2013-01-11,-632.4071999994272
2013-01-14,-3415.385633999291
2013-01-15,123.57150000062755
2013-01-16,-1938.1329779998102
2013-01-17,740.9949900001093
2013-01-18,-439.03011599980914
2013-01-21,1160.4166320001366
2013-01-22,-2398.2582719995626
2013-01-23,1301.2173180001093
2013-01-24,-2416.8982619994804
2013-01-25,-37.20104399942693
2013-01-28,-480.1041599995363
2013-01-29,858.1219980003003
2013-01-30,2359.36314
2013-01-31,-880.7431199997818
2013-02-01,-2883.965951999672
2013-02-04,996.476604000109
2013-02-05,4595.796540000246
2013-02-06,1613.1058260001905
2013-02-07,-1854.5436119991275
2013-02-08,-8056.8334559994555
2013-02-18,-23.640281999918102
2013-02-19,2696.3391660004363
2013-02-20,-461.181821999891
2013-02-21,0.0
2013-02-22,-618.5680619994813
2013-02-25,1100.4363660001911
2013-02-26,-18499.098425999757
2013-02-27,0.0
2013-02-28,-1702.1809019997272
2013-03-01,-11820.68858999959
2013-03-04,1766.9846640007363
2013-03-05,7303.159422000681
2013-03-06,79.07682000046405
2013-03-07,22740.805122000216
2013-03-08,-3158.7494039997277
2013-03-11,-5174.934905999127
2013-03-12,-317.43621599964445
2013-03-13,2366.587884000437
2013-03-14,7487.924424000656
2013-03-15,0.0
2013-03-18,-3638.171627999864
2013-03-19,2061.5536140001363
2013-03-20,5780.594238000163
2013-03-21,6720.788424000329
2013-03-22,-2559.074255999454
2013-03-25,-499.5993659997544
2013-03-26,2561.753172000191
2013-03-27,-735.771905999236
2013-03-28,2412.096588000601
2013-03-29,6268.505118000299
2013-04-01,-3233.494787999618
2013-04-02,10409.256528000493
2013-04-03,3477.9741660012005
2013-04-08,4649.915340000683
2013-04-09,-5993.242799999836
2013-04-10,6052.144464000328
2013-04-11,1244.7891720001635
2013-04-12,-1446.9523259995362
2013-04-15,-1758.319577999318
2013-04-16,2186.7231000011193
2013-04-17,-4611.003749999454
2013-04-18,-902.5065719995357
2013-04-19,-7790.1880019994
2013-04-22,1029.6966300007641
2013-04-23,-980.7954359993449
2013-04-24,1184.6449620000815
2013-04-25,-5557.631219999891
2013-04-26,-374.450309999864
2013-05-02,-6687.477532481628
2013-05-03,-3217.7815019998357
2013-05-06,-5312.756339999536
2013-05-07,-518.2019879998363
2013-05-08,1787.4614340003818
2013-05-09,5891.240436000847
2013-05-10,4046.7639720004104
2013-05-13,4570.6210920006815
2013-05-14,-900.518459998636
2013-05-15,2322.2290020010914
2013-05-16,7025.410734000464
2013-05-17,-5275.950911999673
2013-05-20,4402.225152000492
2013-05-21,-6517.583579999673
2013-05-22,-236.93551199904445
2013-05-23,-6337.827977999565
2013-05-24,6826.349322000873
2013-05-27,-433.64005199879966
2013-05-28,-4957.507679999454
2013-05-29,-2179.9919459995635
2013-05-30,7401.206220001363
2013-05-31,-98.63251799964529
2013-06-03,-2977.9676339997554
2013-06-04,-215.43257399967274
2013-06-05,-3271.2119519995917
2013-06-06,2365.7924520002994
2013-06-07,-773.4598739995362
2013-06-13,4438.96180200071
2013-06-14,-1189.2838559995635
2013-06-17,-1381.8381839997269
2013-06-18,247.89885000060002
2013-06-19,-7128.392789999892
2013-06-20,-860.8461119996182
2013-06-21,0.0
2013-06-24,18681.39527400038
2013-06-25,25288.361844000025
2013-06-26,-1352.1846359998913
2013-06-27,-9904.393559999782
2013-06-28,6469.831500000544
2013-07-01,9038.905518000956
2013-07-02,3125.290926000846
2013-07-03,311.7884340007376
2013-07-04,7073.9381580000545
2013-07-05,1441.933110001146
2013-07-08,-4149.590141999482
2013-07-09,-1726.7664299993182
2013-07-10,0.0
2013-07-11,0.0
2013-07-12,14295.17602800027
2013-07-15,0.0
2013-07-16,0.0
2013-07-17,-454.6149539998908
2013-07-18,4483.405806000437
2013-07-19,0.0
2013-07-22,-1472.9254199997822
2013-07-23,-4894.180805999809
2013-07-24,-8553.58119599989
2013-07-25,0.0
2013-07-26,619.5531180012556
2013-07-29,5854.341942000929
2013-07-30,2508.210276000464
2013-07-31,1901.8235820006814
2013-08-01,-7427.637293999535
2013-08-02,12069.829164000465
2013-08-05,-2905.441565999181
2013-08-06,-5717.459453999426
2013-08-07,-7218.304979999428
2013-08-08,-3488.9824739997553
2013-08-09,-2708.9748839999183
2013-08-12,1107.3494520008462
2013-08-13,-3260.8095659990995
2013-08-14,-3575.164355999263
2013-08-15,-3453.4338359992357
2013-08-16,-15886.0702499997
2013-08-19,-790.1923199998911
2013-08-20,-3045.341609999782
2013-08-21,-1279.8609299996447
2013-08-22,1944.9114300001086
2013-08-23,-3653.7259919995618
2013-08-26,232.29579600092723
2013-08-27,172.16676600084645
2013-08-28,9074.026902000243
2013-08-29,1849.7530320001638
2013-08-30,1515.0561060004363
2013-09-02,4094.620440000273
2013-09-03,3386.5327680008186
2013-09-04,-1209.1918439995359
2013-09-05,-519.789233999536
2013-09-06,-2086.9400639998366
2013-09-09,-5344.7436359995345
2013-09-10,9002.704254000819
2013-09-11,2924.673804000137
2013-09-12,5002.101612000054
2013-09-13,-6151.296023999455
2013-09-16,3464.572098000327
2013-09-17,4605.536028000382
2013-09-18,-3406.429319998636
2013-09-23,-4785.5960519994
2013-09-24,-1251.4378979996452
2013-09-25,2500.819716001173
2013-09-26,1954.6924860002728
2013-09-27,3873.5480280015004
2013-09-30,1124.182086000791
2013-10-08,11463.692472000494
2013-10-09,-2761.306187998472
2013-10-10,1352.5490700005455
2013-10-11,3525.493524000273
2013-10-14,637.5575340009552
2013-10-15,-321.1430579992632
2013-10-16,1652.8177560005454
2013-10-17,-3537.527885998717
2013-10-18,-1084.0165139994542
2013-10-21,-2369.491121999481
2013-10-22,3705.8229300001094
2013-10-23,-36.708275999863865
2013-10-24,-2139.584771999209
2013-10-25,803.1491460005722
2013-10-28,-5603.382689999809
2013-10-29,-1751.4340439997
2013-10-30,2554.835178000273
2013-10-31,1343.8791900001092
2013-11-01,4606.616958001037
2013-11-04,-2376.934343999673
2013-11-05,-7728.483869999754
2013-11-06,1032.247920000982
2013-11-07,1477.679910000573
2013-11-08,6494.483820000411
2013-11-11,-3496.525769999155
2013-11-12,-2471.1213359998637
2013-11-13,1925.1734580004102
2013-11-14,-3109.109639998854
2013-11-15,-155.59709999989082
2013-11-18,-1129.5829019996181
2013-11-19,1160.450142000791
2013-11-20,-349.74229199964515
2013-11-21,-8496.448697999946
2013-11-22,-1280.8010399992904
2013-11-25,6034.020012000246
2013-11-26,-5234.557973999018
2013-11-27,2563.20449400071
2013-11-28,-546.8991959995365
2013-11-29,362.38851000103693
2013-12-02,1223.0898300002184
2013-12-03,-1288.510493999236
2013-12-04,4468.951410000574
2013-12-05,-1966.1288699992363
2013-12-06,-787.0752839993178
2013-12-09,930.3221640002452
2013-12-10,3727.753008000327
2013-12-11,3646.4741520001644
2013-12-12,1874.393790000737
2013-12-13,9056.712126000328
2013-12-16,5675.521314000436
2013-12-17,1753.022100000873
2013-12-18,2798.0566020016367
2013-12-19,-658.1524799995632
2013-12-20,-6129.920597999946
2013-12-23,-2254.906409999891
2013-12-24,-849.9205979998362
2013-12-25,-1510.3744799997821
2013-12-26,4566.263382000463
2013-12-27,1189.3963020002188
2013-12-30,3642.6772800013105
2013-12-31,-2555.6183519998913
2014-01-02,-1376.925935999454
2014-01-03,-4323.9972479994285
2014-01-06,-2124.1163519992087
2014-01-07,-4565.9088779992635
2014-01-08,4037.730822000464
2014-01-09,-1232.3959919989904
2014-01-10,-3621.628349999209
2014-01-13,-3380.335013999155
2014-01-14,-1187.6919419994813
2014-01-15,5038.611726001146
2014-01-16,-1548.132161999427
2014-01-17,-3551.39738399839
2014-01-20,2801.1693240010914
2014-01-21,79.57671000024537
2014-01-22,-1756.5243659997545
2014-01-23,9.657630000381914
2014-01-24,-3831.265313999536
2014-01-27,-1721.5617899997546
2014-01-28,1038.6385860003277
2014-01-29,-794.8099619993724
2014-01-30,-2669.493575998499
2014-02-07,272.2323900007364
2014-02-10,-1680.6758639992356
2014-02-11,221.52196800049128
2014-02-12,-2771.5983419988543
2014-02-13,-5737.315829999263
2014-02-14,73.46033400125489
2014-02-17,2619.9523560002185
2014-02-18,-2829.375635999673
2014-02-19,-1774.8912299997821
2014-02-20,-1664.253203999673
2014-02-21,-4851.619007999289
2014-02-24,8952.628356000436
2014-02-25,-10926.404909999672
2014-02-26,3251.065752000137
2014-02-27,-2705.272481999645
2014-02-28,-1537.6286519996454
2014-03-03,162.3351480007641
2014-03-04,829.5734400006273
2014-03-05,2738.5396800005456
2014-03-06,1281.6654780005185
2014-03-07,-1211.0398319995634
2014-03-10,1846.9873500009555
2014-03-11,2876.8436100003278
2014-03-12,2665.009632000492
2014-03-13,535.9859400001365
2014-03-14,-3942.414323999345
2014-03-17,439.0555680004089
2014-03-18,-1448.978387999618
2014-03-19,764.6374860008458
2014-03-20,-2383.637831999264
2014-03-21,-8252.507969999891
2014-03-24,207.3660360001909
2014-03-25,-3583.468865999483
2014-03-26,-2143.222949999291
2014-03-27,-24457.813847999667
2014-03-28,4996.799820000355
2014-03-31,-42.89354399915442
2014-04-01,4761.7504860003555
2014-04-02,-3131.5802399994536
2014-04-03,5142.5066820005995
2014-04-04,3995.845230001037
2014-04-08,6943.874868000517
2014-04-09,-1738.2425099991815
2014-04-10,-13903.075235999455
2014-04-11,2587.5278760002184
2014-04-14,615.6143760014462
2014-04-15,-4247.759447240175
2014-04-16,-203.6973839995906
2014-04-17,-769.3146839993176
2014-04-18,-941.1230879995093
2014-04-21,2184.1667880011187
2014-04-22,-9339.246839999643
2014-04-23,5561.056992000627
2014-04-24,-2197.8283319989087
2014-04-25,2027.873280000628
2014-04-28,229.83150000049102
2014-04-29,-2355.7096679994
2014-04-30,1210.9702320006004
2014-05-05,-9309.511205999564
2014-05-06,-458.087087999536
2014-05-07,1484.8702080006547
2014-05-08,-3185.0250479998913
2014-05-09,1855.3696320003
2014-05-12,-2592.2982539996724
2014-05-13,664.701828000382
2014-05-14,375.1846680004637
2014-05-15,316.87875600051825
2014-05-16,-697.2430799994545
2014-05-19,1072.6276560004092
2014-05-20,-1211.3666699994815
2014-05-21,2931.697122000355
2014-05-22,-5764.656173999727
2014-05-23,7365.717252000627
2014-05-26,1064.981022000764
2014-05-27,377.15351400073683
2014-05-28,-4810.863743999427
2014-05-29,-3229.1754959993177
2014-05-30,-1183.5083339993453
2014-06-03,2056.886346000573
2014-06-04,-3668.518433999645
2014-06-05,-6734.102105999509
2014-06-06,-2524.470977999809
2014-06-09,-1057.1003879996724
2014-06-10,1281.8537100002454
2014-06-11,-583.1986619994815
2014-06-12,-4308.7170599992905
2014-06-13,-546.0724679998364
2014-06-16,-939.6961679995088
2014-06-17,-24.198791999263364
2014-06-18,-425.7385079999452
2014-06-19,-4063.250273999727
2014-06-20,1555.2041700001637
2014-06-23,655.3271280001637
2014-06-24,2422.9421160003
2014-06-25,-68.95865399937247
2014-06-26,525.0129000007094
2014-06-27,-282.7174559994817
2014-06-30,-938.1508439996452
2014-07-01,-610.6512239995632
2014-07-02,136.3337940005458
2014-07-03,-1217.5965419993456
2014-07-04,15.62337000051832
2014-07-07,370.12015200068197
2014-07-08,-431.3570939997271
2014-07-09,2989.345740000573
2014-07-10,-531.8172839992361
2014-07-11,-2027.8973399990448
2014-07-14,-1331.1612719995906
2014-07-15,-611.3221799995633
2014-07-16,-2455.742831999127
2014-07-17,524.2387200005729
2014-07-18,2574.398112000191
2014-07-21,-3250.939643999481
2014-07-22,-453.2032139998909
2014-07-23,2780.1459600003823
2014-07-24,-273.9789119999181
2014-07-25,1671.7431300003273
2014-07-28,-755.4483359998908
2014-07-29,-4042.195613999318
2014-07-30,-1017.1931039996449
2014-07-31,-6586.763975999563
2014-08-01,11712.2842380003
2014-08-04,4091.818212000409
2014-08-05,83.9383920001637
2014-08-06,1752.2781660003545
2014-08-07,-238.0993499993997
2014-08-08,1766.8773540006546
2014-08-11,1944.2071920007638
2014-08-12,254.03764200073672
2014-08-13,-1378.4773319994542
2014-08-14,-8410.172471999264
2014-08-15,-3108.2212559995905
2014-08-18,7847.7463500006825
2014-08-19,3084.1510260006826
2014-08-20,-1763.8076159988273
2014-08-21,5448.587208000299
2014-08-22,420.55418400040884
2014-08-25,-2122.939433999564
2014-08-26,-861.9147839996181
2014-08-27,1480.4610000008186
2014-08-28,-282.81857999904486
2014-08-29,-3802.250261999536
2014-09-01,-2494.4903639991544
2014-09-02,-4427.720315999755
2014-09-03,-793.2768959997543
2014-09-04,-3373.609337999728
2014-09-05,-1154.767571999836
2014-09-09,-1169.233061999618
2014-09-10,2546.965980000928
2014-09-11,-1716.8722199998365
2014-09-12,969.0949200001089
2014-09-15,1462.5915720004639
2014-09-16,-6843.151253999263
2014-09-17,2207.142072000109
2014-09-18,1664.7027600012552
2014-09-19,55.92428400060043
2014-09-22,1402.6755300004363
2014-09-23,2733.640512000382
2014-09-24,6427.90936200019
2014-09-25,14310.399582000357
2014-09-26,-786.1128719994542
2014-09-29,1253.8962360006008
2014-09-30,-389.2011839997818
2014-10-08,6449.848548000272
2014-10-09,-2685.734189999127
2014-10-10,1590.2538540003275
2014-10-13,-125.79560999950888
2014-10-14,5126.509062001037
2014-10-15,1539.0709800009556
2014-10-16,4605.402444000109
2014-10-17,1388.683542000273
2014-10-20,-463.4556719993725
2014-10-21,-679.7981099992088
2014-10-22,1720.7635500009278
2014-10-23,-146.31394799945429
2014-10-24,-939.2113439994816
2014-10-27,1307.7477540001094
2014-10-28,487.26432600092767
2014-10-29,-411.5927339995909
2014-10-30,-937.32003
2014-10-31,-556.2946799998366
2014-11-03,-3027.793415999263
2014-11-04,-468.6958079993724
2014-11-05,-3174.2613779995368
2014-11-06,2487.9146160003274
2014-11-07,5841.59763600011
2014-11-10,3522.776304000273
2014-11-11,5541.398778000109
2014-11-12,7443.162576000354
2014-11-13,6089.014812001201
2014-11-14,4372.194204001365
2014-11-17,-3396.982451999509
2014-11-18,-4354.6204439994535
2014-11-19,1786.9908540003821
2014-11-20,46.7191320006001
2014-11-21,-10839.17958
2014-11-24,6638.780928000164
2014-11-25,11798.237484000245
2014-11-26,-5321.477831999836
2014-11-27,3775.0215420004088
2014-11-28,1373.9012580005456
2014-12-01,6051.797310000384
2014-12-02,22530.70972200016
2014-12-03,0.0
2014-12-04,20042.864112000658
2014-12-05,-15205.125353999809
2014-12-08,38579.98248000066
2014-12-09,-60872.22807599962
2014-12-10,-4947.32189999959
2014-12-11,-21197.15667599913
2014-12-12,6498.450000000737
2014-12-15,8196.338340001475
2014-12-16,2271.2301600005717
2014-12-17,-13324.029593999208
2014-12-18,0.0
2014-12-19,25927.530330000107
2014-12-22,-15232.390733999973
2014-12-23,18334.43092200073
2014-12-24,-1369.089083999892
2014-12-25,10268.815254001118
2014-12-26,-16169.584187999537
2014-12-29,17787.309984000272
2014-12-30,18590.0967960009
2014-12-31,-2584.043141998907
2015-01-05,-54754.44015599941
2015-01-06,21738.623988000214
2015-01-07,-25647.583349999128
2015-01-08,867.4658700007362
2015-01-09,-30579.554411999525
2015-01-12,-11138.808605999566
2015-01-13,-7881.855467999399
2015-01-14,1172.7773520004635
2015-01-15,21330.485172000816
2015-01-16,9307.724166000164
2015-01-19,1715.9686560004363
2015-01-20,-2571.7030799998897
2015-01-21,-8333.454851999835
2015-01-22,3197.4252360002183
2015-01-23,-17024.2764419994
2015-01-26,2180.755260000682
2015-01-27,19092.470952000276
2015-01-28,743.7214320003537
2015-01-29,0.0
2015-01-30,14661.8562780003
2015-02-02,15034.392972000463
2015-02-03,15668.051004000026
2015-02-04,-12224.63270399989
2015-02-05,8116.243182000164
2015-02-06,20358.492858000358
2015-02-09,12026.325270000381
2015-02-10,5004.720744000355
2015-02-11,-5489.723843999427
2015-02-12,-2609.7633119997267
2015-02-13,2887.1447580000545
2015-02-16,-3258.0589499992357
2015-02-17,-9648.092225999915
2015-02-25,-19886.577497999344
2015-02-26,1289.6775960003552
2015-02-27,-1478.918369999673
2015-03-02,8541.061896000354
2015-03-03,2070.6475980008736
2015-03-04,-1907.1799079998639
2015-03-05,-6646.176509999781
2015-03-06,-5178.4505939994
2015-03-09,12574.711284000601
2015-03-10,-9761.554667999728
2015-03-11,-3676.0070819991815
2015-03-12,1530.7746420006274
2015-03-13,374.9706300004637
2015-03-16,-104.41201199969989
2015-03-17,72.4684980006823
2015-03-18,-1311.8259239995632
2015-03-19,-3708.9001559994
2015-03-20,8521.832808000192
2015-03-23,9599.118624000164
2015-03-24,2879.730846000191
2015-03-25,-4319.8258979999455
2015-03-26,-4439.746961999837
2015-03-27,-5700.482141999836
2015-03-30,9048.27975000071
2015-03-31,3835.760808000355
2015-04-01,2994.5039040001634
2015-04-02,-8289.264707999371
2015-04-03,5990.652270000381
2015-04-07,-315.9211379996725
2015-04-08,8732.42424000071
2015-04-09,-80.32835999885492
2015-04-10,1778.1601800000574
2015-04-13,8119.4423040007105
2015-04-14,-16415.53871999929
2015-04-15,15324.708714000215
2015-04-16,-3208.906817998855
2015-04-17,10310.903436001092
2015-04-20,20312.04007200044
2015-04-21,7010.071812000108
2015-04-22,5941.513674000274
2015-04-23,15396.356214000327
2015-04-24,-17203.683839999074
2015-04-27,11901.553728000708
2015-04-28,6168.417192000055
2015-04-29,4809.611154000546
2015-04-30,-9255.215153999345
2015-05-04,8770.707150000491
2015-05-05,-12370.224197999729
2015-05-06,-11169.911490000002
2015-05-07,-2537.281847999728
2015-05-08,-29108.44661999978
2015-05-11,17209.677132000106
2015-05-12,18714.487902000878
2015-05-13,-11193.784493999563
2015-05-14,13564.797108000437
2015-05-15,-4509.733883999782
2015-05-18,-3129.052301999945
2015-05-19,-4931.784701999946
2015-05-20,-19032.897395999942
2015-05-21,17746.679082000162
2015-05-22,33776.6359860012
2015-05-25,2532.896220000272
2015-05-26,-6377.5811339988
2015-05-27,16939.4298060012
2015-05-28,75925.52224800039
2015-05-29,-14656.928507999291
2015-06-01,-41074.820819999884
2015-06-02,-15758.467055999725
2015-06-03,10101.986825999946
2015-06-04,65334.678588000614
2015-06-05,-7776.035573999292
2015-06-08,-55101.07976999984
2015-06-09,12741.526518000872
2015-06-10,-24102.875681999183
2015-06-11,-15780.357666000218
2015-06-12,5154.523866000873
2015-06-15,5462.841342000271
2015-06-16,-15291.338645999673
2015-06-17,8956.194834000982
2015-06-18,27675.990600001147
2015-06-19,0.0
2015-06-23,-3732.522449999673
2015-06-24,10246.717032000164
2015-06-25,0.0
2015-06-26,24459.25010400098
2015-06-29,-95163.74724599966
2015-06-30,-17198.122823999183
2015-07-01,59019.404940000655
2015-07-02,-29954.031695999507
2015-07-03,7255.431516000215
2015-07-06,85017.15199200087
2015-07-07,39724.72214400036
2015-07-08,69293.66269200138
2015-07-09,188.58136800021785
2015-07-10,38752.680318000464
2015-07-13,31966.629102000712
2015-07-14,-10440.820655999893
2015-07-15,-8514.577589999646
2015-07-16,24237.886236000708
2015-07-17,-23706.656201999504
2015-07-20,22681.448400000878
2015-07-21,8878.740174000217
2015-07-22,-12656.580767999809
2015-07-23,8386.249134000273
2015-07-24,-547.4081939993193
2015-07-27,-20088.59095199888
2015-07-28,-43606.13599199951
2015-07-29,-23869.829285999596
2015-07-30,-13847.252189999484
2015-07-31,20420.735058000682
2015-08-03,16956.588114000733
2015-08-04,-11916.986195998474
2015-08-05,-12397.535825999099
2015-08-06,-27054.555869999786
2015-08-07,13262.08935000011
2015-08-10,17095.846398000467
2015-08-11,-8944.62418199959
2015-08-12,-11580.55301999989
2015-08-13,-11341.575101999617
2015-08-14,16796.184912000463
2015-08-17,-61.47888599961698
2015-08-18,36793.81659600082
2015-08-19,0.0
2015-08-20,362.52396600002726
2015-08-21,0.0
2015-08-24,-5327.2061819996725
2015-08-25,26339.999999999916
2015-08-26,0.0
2015-08-27,0.0
2015-08-28,-2458.260611998827
2015-08-31,2315.730912000734
2015-09-01,-29135.23616999926
2015-09-02,16266.721350000826
2015-09-07,-5422.438847998963
2015-09-08,56374.80937200043
2015-09-09,-12474.064391999209
2015-09-10,14574.20334000041
2015-09-11,25878.496590001207
2015-09-14,5017.400244001501
2015-09-15,22706.203944001278
2015-09-16,-29584.700081998966
2015-09-17,-1241.7204839984151
2015-09-18,1549.3467900008727
2015-09-21,-20533.394717999367
2015-09-22,14132.55666000052
2015-09-23,23303.583876001005
2015-09-24,2674.865538000437
2015-09-25,16134.859812001585
2015-09-28,5234.027016001118
2015-09-29,2827.1919300009004
2015-09-30,2570.271252000492
2015-10-08,-595.674521999045
2015-10-09,-4559.5879259989915
2015-10-12,20049.18926400085
2015-10-13,-559.5886259991817
2015-10-14,-11933.834123998799
2015-10-15,13799.649102001526
2015-10-16,-4940.056283999947
2015-10-19,-47013.916091999665
2015-10-20,-223.82209199961838
2015-10-21,-7402.877435998689
2015-10-22,-13595.176031999648
2015-10-23,219.60835200051952
2015-10-26,-7688.439851999074
2015-10-27,231.8758920010905
2015-10-28,6108.671862000846
2015-10-29,7831.4298360006005
2015-10-30,11580.971280001091
2015-11-02,2801.0884020007616
2015-11-03,-9437.715413999424
2015-11-04,12886.078650000763
2015-11-05,37480.3943220012
2015-11-06,5493.207642001308
2015-11-09,-15588.473129999593
2015-11-10,7153.814496000599
2015-11-11,-19968.69428999965
2015-11-12,16995.58448400052
2015-11-13,-14022.920285999237
2015-11-16,6141.6195840005175
2015-11-17,-16233.238835998798
2015-11-18,-645.8374139993448
2015-11-19,10161.78002400049
2015-11-20,-550.0312979991818
2015-11-23,-5680.393865999399
2015-11-24,440.0979660007634
2015-11-25,2905.4722680006
2015-11-26,2188.51842600079
2015-11-27,-21677.39149799891
2015-11-30,7191.447816000903
2015-12-01,-2712.7190939989623
2015-12-02,23500.06993800142
2015-12-03,1244.372304000328
2015-12-04,-9625.427789999649
2015-12-07,-211.29742799942775
2015-12-08,12219.452580000681
2015-12-09,9801.9013500003
2015-12-10,-19719.282689999454
2015-12-11,1130.0913060008447
2015-12-14,-4283.134559999373
2015-12-15,5775.906768000407
2015-12-16,3079.837920000492
2015-12-17,-672.9356999995352
2015-12-18,12191.351718000351
2015-12-21,2582.203668000055
2015-12-22,2102.1642000002184
2015-12-23,1445.4011580004374
2015-12-24,6800.1679080006825
2015-12-25,2775.116472000846
2015-12-28,406.3406820004912
2015-12-29,2719.8424740005453
2015-12-30,7387.566294000409
2015-12-31,-10955.10305399921
2016-01-04,23507.437614000333
2016-01-05,-40440.67983599915
2016-01-06,20316.23991000065
2016-01-07,0.0
2016-01-08,2247.337776000546
2016-01-11,-35372.59578599875
2016-01-12,-10289.672117999047
2016-01-13,-27243.476927998854
2016-01-14,30982.314246000682
2016-01-15,9552.4446780003
2016-01-18,43660.21345200068
2016-01-19,-4667.472413999891
2016-01-20,4059.906816000409
2016-01-21,1047.7071180000548
2016-01-22,-8224.063571999508
2016-01-25,4619.306970000982
2016-01-26,15152.807826000957
2016-01-27,22502.622750000606
2016-01-28,-13008.338141999455
2016-01-29,-9716.843963999643
2016-02-01,6851.15752800109
2016-02-02,2551.764846000573
2016-02-03,-5126.103881999399
2016-02-04,3944.8039980010353
2016-02-05,-7903.914107999428
2016-02-15,-2575.2529859989363
2016-02-16,1595.7279900012275
2016-02-17,5035.7861460005715
2016-02-18,-1851.9640619996185
2016-02-19,12582.484494000408
2016-02-22,3774.892044000628
2016-02-23,4611.340860000246
2016-02-24,11757.9751020006
2016-02-25,-9565.967261999185
2016-02-26,-18490.793915999537
2016-02-29,-12204.42205199962
2016-03-01,-20719.883117999267
2016-03-02,15079.136136000301
2016-03-03,11239.84796400041
2016-03-04,736.6335360010906
2016-03-07,-11202.843449999782
2016-03-08,-3646.6732499989107
2016-03-09,19202.049996000682
2016-03-10,-8832.076043999292
2016-03-11,-640.6710779993173
2016-03-14,-2343.308543999236
2016-03-15,12411.447816000928
2016-03-16,-2665.8037859991
2016-03-17,8143.051404001855
2016-03-18,-11014.810661999452
2016-03-21,-3446.373149999862
2016-03-22,-530.1025259995358
2016-03-23,1726.8314640004364
2016-03-24,4103.568114000437
2016-03-25,9348.0756420003
2016-03-28,5064.200538000354
2016-03-29,-45.021779999427054
2016-03-30,4450.409622000873
2016-03-31,-2475.0927779989906
2016-04-01,-10980.634877999644
2016-04-05,243.88222200060042
2016-04-06,488.0591760003545
2016-04-07,-13587.989237999482
2016-04-08,-4140.416285999591
2016-04-11,1279.3040520005454
2016-04-12,10124.231712000874
2016-04-13,-5299.096325999454
2016-04-14,1732.066578000928
2016-04-15,6679.366290000546
2016-04-18,-8976.933407999699
2016-04-19,3982.3537140004096
2016-04-20,4459.9068120009015
2016-04-21,-4160.699219998608
2016-04-22,709.726290000546
2016-04-25,-8.254187999317537
2016-04-26,-2398.2127319997
2016-04-27,-7078.816895999536
2016-04-28,-9658.019945999918
2016-04-29,649.8021900003272
2016-05-03,-4022.195381999563
2016-05-04,-2833.4114159995092
2016-05-05,3694.170876000764
2016-05-06,5198.925252001037
2016-05-09,5949.265518000656
2016-05-10,6908.977098000601
2016-05-11,-832.3936559993181
2016-05-12,4960.397130000273
2016-05-13,1253.7414000004635
2016-05-16,-506.7874499991542
2016-05-17,-9723.587855999072
2016-05-18,-17008.393379998768
2016-05-19,11037.590112000604
2016-05-20,-11589.06899999962
2016-05-23,-738.7239479997273
2016-05-24,2774.1093420001635
2016-05-25,6845.190624000489
2016-05-26,6688.350750000245
2016-05-27,-3866.8259819994
2016-05-30,10592.721654000548
2016-05-31,7874.098362000627
2016-06-01,-731.4856559999457
2016-06-02,2113.5194220006547
2016-06-03,6611.974680000546
2016-06-06,3768.467868000491
2016-06-07,804.1540620004365
2016-06-08,-4151.392475999673
2016-06-13,-19437.56758199976
2016-06-14,7968.8960580008725
2016-06-15,-4096.971011998935
2016-06-16,2585.631426000709
2016-06-17,-3272.3991419996996
2016-06-20,-558.7193939996182
2016-06-21,543.9944400000821
2016-06-22,-3116.341037999727
2016-06-23,3364.097664000109
2016-06-24,5576.104926000628
2016-06-27,3343.43067600041
2016-06-28,5426.3424360001645
2016-06-29,2115.365310000382
2016-06-30,-1219.7753399996727
2016-07-01,162.06809400087332
2016-07-04,1007.3779440005457
2016-07-05,2782.651824000573
2016-07-06,8398.932492000464
2016-07-07,-588.8516939997544
2016-07-08,1054.385496000873
2016-07-11,-9067.455605999015
2016-07-12,-7642.912931998909
2016-07-13,-6078.108929998745
2016-07-14,-2432.969795999264
2016-07-15,-6556.602251999671
2016-07-18,-3169.037471999891
2016-07-19,-1152.7729199997002
2016-07-20,2818.2594360001917
2016-07-21,1642.070784000191
2016-07-22,-25.597451999700407
2016-07-25,2108.3800560008185
2016-07-26,3774.4710900003
2016-07-27,-1715.446121999153
2016-07-28,-1921.0043339994547
2016-07-29,-145.32117599959088
2016-08-01,552.8642280007368
2016-08-02,-2747.8528499997
2016-08-03,2111.620404000382
2016-08-04,-4752.397391999536
2016-08-05,-182.19841799937225
2016-08-08,2816.389842000764
2016-08-09,-2070.449915999181
2016-08-10,2623.3704240004363
2016-08-11,-4131.8588519995365
2016-08-12,2784.336336000927
2016-08-15,2115.790932000819
2016-08-16,5880.406938000628
2016-08-17,370.4086860013366
2016-08-18,-3830.058971999589
2016-08-19,9543.028524000163
2016-08-22,1307.8343940006275
2016-08-23,-10341.31260599978
2016-08-24,1019.0261400005733
2016-08-25,5596.207332000709
2016-08-26,-4694.024573999209
2016-08-29,-1953.8016599990174
2016-08-30,-874.7549639998638
2016-08-31,-691.8144839989633
2016-09-01,-3499.9039019994543
2016-09-02,640.4649720006
2016-09-05,1748.9184780008184
2016-09-06,5236.870812001419
2016-09-07,482.9708400002183
2016-09-08,-3002.8394819993177
2016-09-09,-1871.9743379994811
2016-09-12,501.61876200169166
2016-09-13,-104.89870799926348
2016-09-14,2729.506062000818
2016-09-19,9380.567028000409
2016-09-20,-24.385151999863577
2016-09-21,2877.3562260001368
2016-09-22,5410.47373200022
2016-09-23,935.3203560000818
2016-09-26,5740.129140001064
2016-09-27,-8390.600429999618
2016-09-28,-1504.3342439993994
2016-09-29,2263.150314000355
2016-09-30,3434.793138000792
2016-10-10,1130.730738000655
2016-10-11,-2649.929591999591
2016-10-12,-834.6641159996727
2016-10-13,130.4516580007912
2016-10-14,-7439.5545299992355
2016-10-17,1010.8764660006273
2016-10-18,3461.532936002101
2016-10-19,-4234.7951399981985
2016-10-20,1844.3535060003
2016-10-21,4964.846856000055
2016-10-24,5494.523406000164
2016-10-25,-3281.3948100001094
2016-10-26,2564.156166000327
2016-10-27,-4395.535679999891
2016-10-28,-3606.247505999836
2016-10-31,7753.389924000382
2016-11-01,346.61999400068197
2016-11-02,-2206.670795999564
2016-11-03,-2756.7057119995898
2016-11-04,-1213.9158599995358
2016-11-07,-1387.0110599996729
2016-11-08,4484.7027600006
2016-11-09,-9988.929347999265
2016-11-10,17108.8784280006
2016-11-11,-2042.3845499988813
2016-11-14,2372.1842820006545
2016-11-15,684.2501640004641
2016-11-16,760.1290260009821
2016-11-17,-489.85275599967275
2016-11-18,-248.89489799948203
2016-11-21,2466.9490500008183
2016-11-22,1893.8949540001638
2016-11-23,4635.025746000055
2016-11-24,-2655.860885998963
2016-11-25,-6571.521155999261
2016-11-28,2445.980334000245
2016-11-29,7427.462598000899
2016-11-30,-2194.892633999427
2016-12-01,-2954.921357999481
2016-12-02,-6087.640097999209
2016-12-05,3276.889614000464
2016-12-06,-3787.6611179990728
2016-12-07,667.5817020011455
2016-12-08,-843.8905199993999
2016-12-09,1461.4357920001635
2016-12-12,940.8776280017184
2016-12-13,67.2497280009278
2016-12-14,-5014.184777999536
2016-12-15,8352.180078000654
2016-12-16,5444.5220040003005
2016-12-19,1279.743690000109
2016-12-20,-10913.357117999509
2016-12-21,-2485.0940579999456
2016-12-22,-4864.9496159997825
2016-12-23,-318.5392199994821
2016-12-26,-8069.541215999755
2016-12-27,-1600.0164659997272
2016-12-28,3460.964394000355
2016-12-29,-4939.642805999372
2016-12-30,250.06235400013637
2017-01-03,82.13920800049095
2017-01-04,3809.2642320007362
2017-01-05,1998.2256900001362
2017-01-06,2247.944976000273
2017-01-09,96.38914200027351
2017-01-10,-1747.1188379997545
2017-01-11,1427.300058000519
2017-01-12,-3121.828493999345
2017-01-13,-4312.048487999264
2017-01-16,-13157.547269998853
2017-01-17,-10401.071243999591
2017-01-18,-1281.054431999045
2017-01-19,-4837.983749999264
2017-01-20,-607.1962559995636
2017-01-23,-101.83806599972719
2017-01-24,-2467.220543999781
2017-01-25,-3195.0786479995095
2017-01-26,-2545.229045999509
2017-02-03,687.270984000191
2017-02-06,1227.2998260002455
2017-02-07,3267.9191700001634
2017-02-08,4408.890804000601
2017-02-09,4285.989792000328
2017-02-10,4764.386898000545
2017-02-13,1824.3716040002453
2017-02-14,410.28082800032746
2017-02-15,2191.9004160006825
2017-02-16,-1544.1347999997822
2017-02-17,-2006.5542599997275
2017-02-20,-3370.628453999646
2017-02-21,-4023.882929999509
2017-02-22,-258.80696999997264
2017-02-23,-277.35132599989134
2017-02-24,-3524.752625999891
2017-02-27,-3125.042567999264
2017-02-28,-1350.1305539989908
2017-03-01,-5222.8522079996455
2017-03-02,-12971.857919999262
2017-03-03,-909.9300599997273
2017-03-06,3160.3081500005733
2017-03-07,1156.0094100002182
2017-03-08,-182.1964319995907
2017-03-09,-4646.59524599951
2017-03-10,-1090.535741999427
2017-03-13,2370.9243420006546
2017-03-14,-1850.833505999018
2017-03-15,874.8723060011184
2017-03-16,-6830.21427599951
2017-03-17,3631.3478640003273
2017-03-20,1414.0938120000546
2017-03-21,-4424.102921999618
2017-03-22,-1945.9198500000275
2017-03-23,-3318.0540419999184
2017-03-24,18944.732652000625
2017-03-27,1994.7737580001365
2017-03-28,-2422.225391999264
2017-03-29,1117.2235740005183
2017-03-30,-2446.3524839994
2017-03-31,-261.43603199931795
2017-04-05,2553.4456259999733
2017-04-06,4460.487042000573
2017-04-07,-153.20461799964502
2017-04-10,1673.7307740006274
2017-04-11,10167.80485200052
2017-04-12,3453.377316000109
2017-04-13,2986.725672000301
2017-04-14,4190.108940000628
2017-04-17,-3851.537735999754
2017-04-18,-2447.640101998664
2017-04-19,-5105.505557999099
2017-04-20,-2309.828585999727
2017-04-21,-4873.3000199994
2017-04-24,-1989.4945079996728
2017-04-25,2124.040680000382
2017-04-26,1145.022708000382
2017-04-27,1628.0631480001086
2017-04-28,-1458.940439999591
2017-05-02,-1261.0564139995633
2017-05-03,3256.176504000464
2017-05-04,-1234.4731979995634
2017-05-05,3619.3111740006825
2017-05-08,-3863.1281339996726
2017-05-09,2737.126890000327
2017-05-10,-7250.652623999865
2017-05-11,5582.814486000628
2017-05-12,-4653.114587999591
2017-05-15,-908.5745999996997
2017-05-16,-6035.027267999973
2017-05-17,-1562.8687919993179
2017-05-18,3041.7746520009277
2017-05-19,-1208.2558199997004
2017-05-22,4397.419632000272
2017-05-23,-1594.5870479996454
2017-05-24,-6008.6717519998365
2017-05-25,-2423.9179619992638
2017-05-26,830.7191760010913
2017-05-31,-4809.34457999951
2017-06-01,-1498.2865319993998
2017-06-02,1015.2472560002724
2017-06-05,-5025.127571999891
2017-06-06,223.7231820008733
2017-06-07,111.48529800100948
2017-06-08,1803.5087940008189
2017-06-09,-1285.3316879992635
2017-06-12,-592.112243999236
2017-06-13,-5595.7623299998095
2017-06-14,-2115.8309939993724
2017-06-15,-1254.4677119992634
2017-06-16,6941.535744000627
2017-06-19,79.42292400019049
2017-06-20,393.2862360000273
2017-06-21,14491.508304000354
2017-06-22,-2198.031857999428
2017-06-23,-2016.6793199995911
2017-06-26,-1905.8096219995093
2017-06-27,-590.5771919998365
2017-06-28,-5810.2660019997265
2017-06-29,263.57371800073656
2017-06-30,-3899.432039999372
2017-07-03,4396.728702000982
2017-07-04,5787.471942000628
2017-07-05,-5292.250145999864
2017-07-06,-1222.7735039996455
2017-07-07,-5822.847071999346
2017-07-10,4893.544524000791
2017-07-11,278.1689340013363
2017-07-12,5376.794094000983
2017-07-13,612.812034000382
2017-07-14,3988.1783940009277
2017-07-17,-9951.336191999646
2017-07-18,-2219.603573999264
2017-07-19,-12813.925553999075
2017-07-20,149.18844600090074
2017-07-21,221.2406700003
2017-07-24,2495.054238000109
2017-07-25,322.16151000076337
2017-07-26,-2931.835613999891
2017-07-27,-2624.245031999591
2017-07-28,3827.0799480003834
2017-07-31,-4229.087105998936
2017-08-01,-1654.2584639989084
2017-08-02,-1878.5135399986082
2017-08-03,5805.367644000218
2017-08-04,262.09016400109107
2017-08-07,1518.1741920005459
2017-08-08,3914.2567020003276
2017-08-09,-6042.420863999263
2017-08-10,619.538874000682
2017-08-11,-5003.014865999755
2017-08-14,1836.9089940010085
2017-08-15,-3284.2860179993995
2017-08-16,-3584.023403999536
2017-08-17,138.36090600057287
2017-08-18,887.1740640006003
2017-08-21,-4129.440677999809
2017-08-22,-42.95216399967239
2017-08-23,-3953.601047999645
2017-08-24,-434.6217299992906
2017-08-25,-2053.722491999427
2017-08-28,5136.851664000546
2017-08-29,-4398.669653999208
2017-08-30,2888.3694300005186
2017-08-31,-4436.102711999754
2017-09-01,3818.1313380001093
2017-09-04,-5091.5440439994545
2017-09-05,3484.2171180002183
2017-09-06,-2330.984369999154
2017-09-07,-4433.167835999589
2017-09-08,4029.718932000573
2017-09-11,-4541.132903998581
2017-09-12,-1849.7547899994547
2017-09-13,-1186.6089119990725
2017-09-14,-2841.668285999427
2017-09-15,-809.1410459999727
2017-09-18,-6652.477613999809
2017-09-19,6969.091998000491
2017-09-20,-2787.6007439998634
2017-09-21,-622.5031859995363
2017-09-22,2225.8808460001364
2017-09-25,1388.5338420004364
2017-09-26,-2836.142183999127
2017-09-27,185.8049460004911
2017-09-28,607.6458120006002
2017-09-29,2317.378410000519
2017-10-09,13143.219324000518
2017-10-10,-1528.5221699997815
2017-10-11,-628.1461739995634
2017-10-12,-5277.204197999372
2017-10-13,-4947.325289999128
2017-10-16,-6687.5828819991275
2017-10-17,-2518.9003859997274
2017-10-18,1981.1917440003547
2017-10-19,241.58292000065484
2017-10-20,-1286.6326139991265
2017-10-23,-1437.8174699995907
2017-10-24,5040.9443100004355
2017-10-25,-2610.3254399995085
2017-10-26,3897.3416280003275
2017-10-27,4407.051924000437
2017-10-30,3478.8585780002177
2017-10-31,2817.8805180004915
2017-11-01,-301.65905999948154
2017-11-02,-1322.2787579990456
2017-11-03,-9570.352649999073
2017-11-06,-1983.2584499997
2017-11-07,5690.724780000846
2017-11-08,4734.685596000436
2017-11-09,290.73891000062804
2017-11-10,13455.1144860009
2017-11-13,1277.6869140007636
2017-11-14,-1603.5992999993994
2017-11-15,-2767.522043999618
2017-11-16,-5437.987835999482
2017-11-17,1577.0944260004364
2017-11-20,1635.1767240010095
2017-11-21,-3504.462341999073
2017-11-22,13054.859112000871
2017-11-23,-13397.807429999619
2017-11-24,8244.483936
2017-11-27,172.6060500006006
2017-11-28,3323.479134000628
2017-11-29,2991.9974460010103
2017-11-30,-12964.860407999455
2017-12-01,355.45440000100785
2017-12-04,295.89602400054537
2017-12-05,-3424.135385999564
2017-12-06,-10291.603127999428
2017-12-07,4287.656784001228
2017-12-08,-11883.671345999428
2017-12-11,5121.310962000709
2017-12-12,2691.039006000983
2017-12-13,-3308.1499139992357
2017-12-14,234.57081000032744
2017-12-15,2396.885292000901
2017-12-18,3478.0034760004364
2017-12-19,-3603.6552299996174
2017-12-20,-2914.0562159994543
2017-12-21,-3252.6082799994274
2017-12-22,-1631.2223459995362
2017-12-25,4972.544280000382
2017-12-26,5448.3354480009275
2017-12-27,5034.013236000818
2017-12-28,-7393.372655998799
2017-12-29,-93.11762399964529
2018-01-02,-7513.153241999509
2018-01-03,-5713.494323999181
2018-01-04,7246.244580000491
2018-01-05,-3911.3549939994
2018-01-08,6969.547980000382
2018-01-09,2082.6833520005453
2018-01-10,-5478.2820959994015
2018-01-11,3176.1620280000543
2018-01-12,-3632.209631999618
2018-01-15,-2403.341826000163
2018-01-16,7975.806576000491
2018-01-17,-2907.4998599990727
2018-01-18,-4361.9068439994535
2018-01-19,649.7130960001091
2018-01-22,-4786.759661999673
2018-01-23,-3585.449159999618
2018-01-24,112.38290400092752
2018-01-25,8134.023630000818
2018-01-26,-1153.5764099996186
2018-01-29,-5123.031449999398
2018-01-30,-5082.164903999891
2018-01-31,5670.658806000765
2018-02-01,-210.11128799885483
2018-02-02,17653.972836000656
2018-02-05,15276.969600000544
2018-02-06,-15197.43703799962
2018-02-07,-21012.03038999929
2018-02-08,-15006.193097998716
2018-02-09,26428.498338001307
2018-02-12,-4430.802677999073
2018-02-13,8881.346112000709
2018-02-14,-8547.97943399888
2018-02-22,-19833.634211999342
2018-02-23,6177.3486360002735
2018-02-26,6553.236252000574
2018-02-27,-430.6915139989092
2018-02-28,-15304.193069999674
2018-03-01,9770.473842001173
2018-03-02,4316.537088000627
2018-03-05,8725.19353800079
2018-03-06,4403.587380000654
2018-03-07,-14795.477531999619
2018-03-08,-9431.841107998824
2018-03-09,3582.545328000927
2018-03-12,949.4449920005457
2018-03-13,-2739.4896059996727
2018-03-14,1780.4748900010363
2018-03-15,5092.351962000328
2018-03-16,-1117.0633739994541
2018-03-19,14812.84180800071
2018-03-20,-3573.8447459994823
2018-03-21,-1927.5058139996179
2018-03-22,4435.889484001092
2018-03-23,18498.267954000843
2018-03-26,1992.9483000005453
2018-03-27,-6232.328735998991
2018-03-28,-6744.999359999727
2018-03-29,6456.640662000708
2018-03-30,4862.791716000328
2018-04-02,-4343.246423999262
2018-04-03,126.55740600035459
2018-04-04,-6051.303149999456
2018-04-09,-10010.264837999535
2018-04-10,214.49724600051832
2018-04-11,-179.5475219998639
2018-04-12,-6297.152585999538
2018-04-13,6936.315342000627
2018-04-16,2954.1449520009546
2018-04-17,1670.8325580008175
2018-04-18,-10079.14549199929
2018-04-19,-1098.394427999563
2018-04-20,-8185.698689999865
2018-04-23,2572.0185840004638
2018-04-24,-10279.601237999399
2018-04-25,10748.166486000655
2018-04-26,5813.3175240006
2018-04-27,-2147.0973539994807
2018-05-02,7815.792450000546
2018-05-03,430.27650600035486
2018-05-04,741.9465360010918
2018-05-07,-3743.392265999373
2018-05-08,-534.2976959993721
2018-05-09,817.3065960007355
2018-05-10,3009.7474200012816
2018-05-11,2343.025488000164
2018-05-14,-4348.976051999673
2018-05-15,-9059.385678
2018-05-16,-7855.347101999182
2018-05-17,-2992.5160319993724
2018-05-18,9904.2227220006
2018-05-21,9666.446352001392
2018-05-22,4836.151398000628
2018-05-23,-4704.699263999454
2018-05-24,-6494.873603999126
2018-05-25,-345.6258299993176
2018-05-28,8894.653014000818
2018-05-29,1426.206162000682
2018-05-30,19802.8921320006
2018-05-31,15344.708364000491
2018-06-01,-3037.8738719992357
2018-06-04,7003.91596800071
2018-06-05,2886.0022860004906
2018-06-06,-76.90877399959072
2018-06-07,8382.804324000492
2018-06-08,-4344.517811998719
2018-06-11,3911.4180420001912
2018-06-12,-2444.908283999373
2018-06-13,1089.8742360003002
2018-06-14,-2242.892375999727
2018-06-15,13580.895498000571
2018-06-19,8163.752724000574
2018-06-20,-10588.22044199899
2018-06-21,11800.243458001065
2018-06-22,14999.912298001693
2018-06-25,-4435.82328599951
2018-06-26,4275.930120000847
2018-06-27,-13640.04402599929
2018-06-28,-4329.819245999072
2018-06-29,5050.690452000601
2018-07-02,13750.627278001171
2018-07-03,-1671.0609659998906
2018-07-04,5253.173196001038
2018-07-05,7208.309760001038
2018-07-06,929.4372840007635
2018-07-09,-10400.728529999129
2018-07-10,-12124.093817999265
2018-07-11,-6899.432153999891
2018-07-12,13576.330872000572
2018-07-13,6763.046154000655
2018-07-16,-4529.951543999618
2018-07-17,7821.759240000762
2018-07-18,3286.876068000409
2018-07-19,2551.636284000628
2018-07-20,-4218.963323999918
2018-07-23,-5672.5017839994
2018-07-24,2891.496396000409
2018-07-25,-2358.8184179994273
2018-07-26,1372.4723520004911
2018-07-27,6392.821374000628
2018-07-30,-925.5968699995366
2018-07-31,113.7171120002722
2018-08-01,-7730.300801999372
2018-08-02,-423.62884199907234
2018-08-03,-5882.013689999428
2018-08-06,7372.145514000435
2018-08-07,-972.6953879992087
2018-08-08,12103.702980000657
2018-08-09,-6137.981063999564
2018-08-10,-1397.1750059995093
2018-08-13,12705.203700000628
2018-08-14,16478.052984000627
2018-08-15,12534.837042001447
2018-08-16,-15749.893391999723
2018-08-17,3028.858458001392
2018-08-20,1157.7380580008196
2018-08-21,-4195.854227999482
2018-08-22,-2589.7884179995085
2018-08-23,7973.965710001228
2018-08-24,-13417.3310099991
2018-08-27,7731.249312000218
2018-08-28,4714.0908900003005
2018-08-29,-1644.2483039989902
2018-08-30,-440.67341399898964
2018-08-31,9098.09233800041
2018-09-03,-7460.025341999672
2018-09-04,-14947.273673999756
2018-09-05,2998.394652000683
2018-09-06,-833.7563519992639
2018-09-07,1086.740034000355
2018-09-10,2858.6445360012285
2018-09-11,-1697.8600919994276
2018-09-12,2614.1232360003546
2018-09-13,1376.1348180004363
2018-09-14,-6008.860337999373
2018-09-17,-4694.800385999455
2018-09-18,-5872.226207999591
2018-09-19,-5434.6774319994265
2018-09-20,-185.7951419996729
2018-09-21,-3797.3025179992346
2018-09-25,4491.785280000545
2018-09-26,-2144.371607999782
2018-09-27,1934.9772840008457
2018-09-28,8686.302264000955
2018-10-08,13036.977072001007
2018-10-09,-1304.7869579992905
2018-10-10,3875.025864
2018-10-11,38222.23717800062
2018-10-12,12.116790000517993
2018-10-15,3880.231896001064
2018-10-16,1059.7373820007087
2018-10-17,23840.567724001183
2018-10-18,1100.4527100010646
2018-10-19,-15466.79842199989
2018-10-22,-5030.017403999018
2018-10-23,4507.979304000682
2018-10-24,4557.4782480004105
2018-10-25,18144.050256000188
2018-10-26,-6384.2574119991805
2018-10-29,-12549.557453998415
2018-10-30,-3380.322755999317
2018-10-31,-10079.044367998498
2018-11-01,-8475.557285999399
2018-11-02,34745.870220000565
2018-11-05,-13410.870401999373
2018-11-06,-3998.304161999727
2018-11-07,9627.003462000985
2018-11-08,-2775.5867099995644
2018-11-09,-1802.7179279993454
2018-11-12,2936.9879340006555
2018-11-13,-11886.2044199991
2018-11-14,-1852.3151879993989
2018-11-15,6856.002984000955
2018-11-16,8945.829234000437
2018-11-19,-4539.012371998963
2018-11-20,-3273.252497998854
2018-11-21,-15104.429063999236
2018-11-22,-8366.033117999621
2018-11-23,6877.229646000876
2018-11-26,505.5900900004367
2018-11-27,5258.441010000301
2018-11-28,2603.4739980003
2018-11-29,-6479.159381999372
2018-11-30,-7583.480195999182
2018-12-03,1452.8910840010913
2018-12-04,2028.9127560009556
2018-12-05,11706.805308000383
2018-12-06,7906.397316000545
2018-12-07,4184.538930001255
2018-12-10,697.305546000764
2018-12-11,7332.628356000136
2018-12-12,6263.1709800008175
2018-12-13,-4014.124643999209
2018-12-14,10558.337436000682
2018-12-17,-912.1605839996178
2018-12-18,8535.622434000572
2018-12-19,-1698.3220319990726
2018-12-20,-344.18314799915413
2018-12-21,-8703.219563999482
2018-12-24,-170.1090659995089
2018-12-25,-4921.00480199951
2018-12-26,-2393.757401999563
2018-12-27,15731.72923200049
2018-12-28,908.846664001255
2019-01-02,-59.57017799890889
2019-01-03,-3802.4511059994543
2019-01-04,-5075.676389999044
2019-01-07,-734.5898519992903
2019-01-08,659.2386600009004
2019-01-09,8680.82578800101
2019-01-10,1289.4534000004096
2019-01-11,5152.353948000464
2019-01-14,-1119.4546919991
2019-01-15,3232.3697100008726
2019-01-16,1011.6486600008457
2019-01-17,2378.340822000737
2019-01-18,-2063.9343059999187
2019-01-21,6020.2114620014745
2019-01-22,4776.646152000436
2019-01-23,229.2891060007093
2019-01-24,-2520.2113559994273
2019-01-25,-4696.757441998991
2019-01-28,-4358.171513999372
2019-01-29,861.5066700003813
2019-01-30,11637.828906000515
2019-01-31,-3184.5628799996184
2019-02-01,-11231.977727998692
2019-02-11,-6169.933913999208
2019-02-12,-72.2809739996187
2019-02-13,307.8387120008458
2019-02-14,-1158.131345999318
2019-02-15,-6487.68960599981
2019-02-18,-1142.8795319996725
2019-02-19,-4946.136924000028
2019-02-20,3672.493836000901
2019-02-21,-15465.33250199981
2019-02-22,-2437.1831819990994
2019-02-25,50115.057738000956
2019-02-26,23365.758234000987
2019-02-27,15150.91184400082
2019-02-28,5625.055164001556
2019-03-01,-6050.263673999128
2019-03-04,-42984.16644599957
2019-03-05,-2053.587857999073
2019-03-06,7038.2512560009
2019-03-07,7755.082608001037
2019-03-08,18699.76843800172
2019-03-11,-9252.817535998665
2019-03-12,4281.5260500008735
2019-03-13,15497.410638000383
2019-03-14,-3262.126025998772
2019-03-15,7714.767336000135
2019-03-18,-769.4769959990707
2019-03-19,5234.069634000546
2019-03-20,6785.824680000219
2019-03-21,12036.67709400041
2019-03-22,-4316.307641999727
2019-03-25,-3394.213391998745
2019-03-26,14545.312410001285
2019-03-27,-2913.088085998991
2019-03-28,-5887.755233999483
2019-03-29,3011.4419760005194
2019-04-01,147.0697860009559
2019-04-02,3415.61495400142
2019-04-03,-5645.508011998991
2019-04-04,4133.539038000519
2019-04-08,6412.516956000709
2019-04-09,13432.963716000244
2019-04-10,16792.250256000603
2019-04-11,2425.0487460007644
2019-04-12,2757.2682960003553
2019-04-15,-6184.5866999992895
2019-04-16,17474.340420001172
2019-04-17,7655.325366001501
2019-04-18,4729.169298000408
2019-04-19,-13996.609145999046
2019-04-22,1549.3825140012545
2019-04-23,-2736.619535999318
2019-04-24,-4111.722113999891
2019-04-25,3416.668800001228
2019-04-26,23401.603122000386
2019-04-29,-1378.7120399994285
2019-04-30,6906.725664001582
2019-05-06,22291.440576000932
2019-05-07,-14580.249191998992
2019-05-08,29544.855960000663
2019-05-09,8667.12583800033
2019-05-10,28392.209388000363
2019-05-13,-9974.757653999208
2019-05-14,6391.001874000518
2019-05-15,1797.660522000846
2019-05-16,-3039.3139859991816
2019-05-17,6844.9770540001355
2019-05-20,-2388.694871999701
2019-05-21,2257.1247900000544
2019-05-22,8388.464832000382
2019-05-23,-2226.890909998962
2019-05-24,2391.9751440007917
2019-05-27,-10424.057849999674
2019-05-28,1418.2027980006278
2019-05-29,-1706.0911559992085
2019-05-30,4505.868816000355
2019-05-31,-4151.567045999673
2019-06-03,-8941.087709999238
2019-06-04,3197.117082000491
2019-06-05,-4838.220089999618
2019-06-06,6527.549124001309
2019-06-10,-2541.7648559991267
2019-06-11,800.0777640005177
2019-06-12,-3154.8966059994814
2019-06-13,3212.073354000055
2019-06-14,-5455.948697998963
2019-06-17,3290.8521780007372
2019-06-18,-1759.2201059991269
2019-06-19,-1056.739925999264
2019-06-20,-162.45613199869103
2019-06-21,1639.6508520007644
2019-06-24,2775.0780540009278
2019-06-25,1692.099624000436
2019-06-26,-2597.449763999509
2019-06-27,4061.948640000519
2019-06-28,-5683.2096419992895
2019-07-01,1923.2689500004367
2019-07-02,-5631.118193998582
2019-07-03,-774.8745359991543
2019-07-04,-5271.5779079990725
2019-07-05,-1818.6482879988541
2019-07-08,6977.904570000791
2019-07-09,3368.4675180001905
2019-07-10,3966.7854480016913
2019-07-11,5513.021046001363
2019-07-12,6260.438694001336
2019-07-15,-2476.406315999181
2019-07-16,-1579.8724919996184
2019-07-17,-2082.124739998799
2019-07-18,496.06674000073616
2019-07-19,-746.7081599999452
2019-07-22,-2209.435073999427
2019-07-23,984.1304700005452
2019-07-24,-1604.9204279990452
2019-07-25,-5028.848543999291
2019-07-26,1430.09854200131
2019-07-29,2859.604848001065
2019-07-30,-7250.714633999372
2019-07-31,-2926.0305539991273
2019-08-01,-3398.5639799991554
2019-08-02,-939.9409199993179
2019-08-05,1411.9334580010373
2019-08-06,619.7715960003272
2019-08-07,7700.330220000573
2019-08-08,1537.8475860010642
2019-08-09,5564.024556001583
2019-08-12,8094.971790001308
2019-08-13,-5805.627233998881
2019-08-14,13593.25411800128
2019-08-15,3380.7411300007634
2019-08-16,-823.9110719994542
2019-08-19,1477.3155900002994
2019-08-20,-5890.287725998855
2019-08-21,-4613.996321998827
2019-08-22,267.4635300011465
2019-08-23,4626.614040000273
2019-08-26,503.75902800076346
2019-08-27,-6593.685005999618
2019-08-28,-5309.810027998036
2019-08-29,10940.89304400082
2019-08-30,-279.9524819988003
2019-09-02,8030.125866001583
2019-09-03,-3547.0445819983906
2019-09-04,15066.171834000681
2019-09-05,11580.514830000466
2019-09-06,4652.353590001147
2019-09-09,-61.663385999208906
2019-09-10,60.17187600150089
2019-09-11,1741.8031440007635
2019-09-12,-5341.330007999618
2019-09-16,-5490.402275999319
2019-09-17,14584.207074000518
2019-09-18,-4047.061739999426
2019-09-19,-9114.061241998745
2019-09-20,30.474432000163695
2019-09-23,-8630.399357998718
2019-09-24,-1288.2463619997816
2019-09-25,3633.711390000464
2019-09-26,5888.592108000737
2019-09-27,-4191.092147999099
2019-09-30,5052.166530000899
2019-10-08,-2144.3855099990724
2019-10-09,1267.4833860004096
2019-10-10,2868.831012001773
2019-10-11,11462.70472200041
2019-10-14,1559.8089600005728
2019-10-15,-4467.425831998689
2019-10-16,9663.628830000876
2019-10-17,-9115.97088599902
2019-10-18,7416.345234000954
2019-10-21,-9325.139483999616
2019-10-22,-2750.9423339990985
2019-10-23,6580.297638000709
2019-10-24,-1915.5020519996453
2019-10-25,3365.287890000764
2019-10-28,1443.9146820007636
2019-10-29,1296.9607200012006
2019-10-30,4745.555058000327
2019-10-31,2947.835676000627
2019-11-01,6959.9566740006285
2019-11-04,-4922.807957998882
2019-11-05,8154.590076000436
2019-11-06,-1087.454909998499
2019-11-07,2487.790722000491
2019-11-08,-8552.406617999563
2019-11-11,-5875.963295998829
2019-11-12,-7974.073967999126
2019-11-13,2950.0531200013647
2019-11-14,3398.619426001282
2019-11-15,366.99015000120085
2019-11-18,1173.5981220004091
2019-11-19,5132.093898001282
2019-11-20,-4256.111123999781
2019-11-21,-205.5771359995088
2019-11-22,-6683.133155999344
2019-11-25,7026.649536000573
2019-11-26,69.20292600060031
2019-11-27,4691.3955000013375
2019-11-28,7030.711818000955
2019-11-29,-1273.0084499988816
2019-12-02,-11807.72265599918
2019-12-03,-10759.053707999428
2019-12-04,7691.361990000954
2019-12-05,-4434.0866939992375
2019-12-06,-6828.6347459984445
2019-12-09,3964.988376000436
2019-12-10,-2089.4822579985816
2019-12-11,2255.9723880004917
2019-12-12,1090.7135640016647
2019-12-13,419.1040260006274
2019-12-16,2397.4621320007636
2019-12-17,-5041.604993999973
2019-12-18,5389.45117800071
2019-12-19,1671.8678340009546
2019-12-20,-431.3052539989629
2019-12-23,-2463.199247999536
2019-12-24,447.8443200003546
2019-12-25,2125.511268000846
2019-12-26,4736.915538000439
2019-12-27,-7743.059705999893
2019-12-30,-8706.392183999755
2019-12-31,4424.702874000492
2020-01-02,-4156.035455999509
2020-01-03,1952.0797680007092
2020-01-06,6738.722657999946
2020-01-07,-555.4449539997822
2020-01-08,459.12679200076417
2020-01-09,-8251.477373998798
2020-01-10,2282.840520000709
2020-01-13,11445.602934000546
2020-01-14,-2066.551577999345
2020-01-15,2857.3314660010906
2020-01-16,1187.923956000055
2020-01-17,2090.9209560006548
2020-01-20,2508.973362000273
2020-01-21,-1479.2052719994
2020-01-22,-7402.158953999728
2020-01-23,4796.899422000682
2020-02-03,10971.541350000709
2020-02-04,-16321.519175999152
2020-02-05,12109.505358000546
2020-02-06,16990.225590001253
2020-02-07,3369.485742000791
2020-02-10,-2215.3724399992097
2020-02-11,-4258.820171998798
2020-02-12,2398.263864001664
2020-02-13,1530.2873640006278
2020-02-14,13077.604356000682
2020-02-17,2090.3442300008987
2020-02-18,3885.7701420009557
2020-02-19,-3431.4186359993178
2020-02-20,-3135.2951399996728
2020-02-21,4433.763120000218
2020-02-24,7897.690764000818
2020-02-25,9978.53652600071
2020-02-26,-193.43255399934608
2020-02-27,8265.984066000545
2020-02-28,-7799.015171999672
2020-03-02,-3050.1472559989093
2020-03-03,20631.677970000244
2020-03-04,-1209.4731419994541
2020-03-05,8198.1000420012
2020-03-06,-4.629911997980571
2020-03-09,-20462.03038799981
2020-03-10,5414.037288000736
2020-03-11,-126.47707799926278
2020-03-12,21453.681726001447
2020-03-13,-57654.125579999374
2020-03-16,19076.246796000632
2020-03-17,31616.478468000787
2020-03-18,19641.79310400057
2020-03-19,11829.837564001611
2020-03-20,-9817.972655999454
2020-03-23,-3452.782967999045
2020-03-24,10877.136816000462
2020-03-25,12871.58583600139
2020-03-26,5485.07303400071
2020-03-27,-9749.53900199918
2020-03-30,3802.470132000656
2020-03-31,-4589.664527999044
2020-04-01,-98.00803799920914
2020-04-02,-1526.173595998882
2020-04-03,-1448.1873959991
2020-04-07,-19927.86698399937
2020-04-08,2571.1467840008186
2020-04-09,-792.8617859990723
2020-04-10,4789.158672000901
2020-04-13,-3161.077901999209
2020-04-14,2774.175312000982
2020-04-15,4367.360892000956
2020-04-16,8325.588336000546
2020-04-17,-11155.637153999563
2020-04-20,5113.417830000901
2020-04-21,-1307.5148039994274
2020-04-22,6521.8747260005175
2020-04-23,5002.173768000711
2020-04-24,2174.098362000218
2020-04-27,-1484.097671999427
2020-04-28,668.0237940004092
2020-04-29,-78.15353399931746
2020-04-30,7566.071760000655
